年度,阶段投资(万元),市场总需求(支),市场占有率,产能利用率调整,销售量(支),年度销售收入(万元),毛利润50%(万元),运营费用率,运营费用(万元),折旧(万元),税前利润(万元),所得税15%(万元),净利润(万元),经营现金流(万元),净现金流(万元),累计现金流(万元)
2026,-150,2124,0%,0%,0,0,0,-,15,14.25,-29.25,0,-29.25,-15,-165,-165
2027,0,2261,3%,60%,41,18.45,9.23,30%,5.54,14.25,-10.56,0,-10.56,3.69,3.69,-161.31
2028,0,2458,8%,80%,157,70.65,35.33,27%,19.08,14.25,2,0,2,16.25,16.25,-145.06
2029,0,2655,15%,100%,398,179.1,89.55,24%,42.98,14.25,32.32,4.85,27.47,41.72,41.72,-103.34
2030,0,2950,25%,100%,738,332.1,166.05,22%,73.06,14.25,78.74,11.81,66.93,81.18,81.18,-22.16
2031,0,3048,30%,100%,915,411.75,205.88,20%,82.35,14.25,109.28,16.39,92.89,107.14,107.14,84.98
2032,0,3107,32%,100%,994,447.3,223.65,20%,89.46,14.25,119.94,17.99,101.95,116.2,116.2,201.18
2033,0,3147,35%,100%,1101,495.45,247.73,20%,99.09,14.25,134.39,20.16,114.23,128.48,128.48,329.66
2034,0,3147,35%,100%,1101,495.45,247.73,20%,99.09,14.25,134.39,20.16,114.23,128.48,128.48,458.14
2035,0,3147,35%,100%,1101,495.45,247.73,20%,99.09,7.13,141.51,21.23,120.28,127.41,127.41,585.55

,,,,,,,,,,,,,,,,
基础假设,,,,,,,,,,,,,,,,
参数,数值,单位,说明,,,,,,,,,,,,,
膜元件售价,4500,元/支,进口膜参考价,,,,,,,,,,,,,
毛利率,50%,,目标水平,,,,,,,,,,,,,
单位成本,2250,元/支,膜片1800+卷制450,,,,,,,,,,,,,
运营费用率,25%,,销售+管理+财务,,,,,,,,,,,,,
所得税率,15%,,高新企业优惠,,,,,,,,,,,,,
设备投资,150,万元,半自动线,,,,,,,,,,,,,
折旧年限,10,年,直线法,,,,,,,,,,,,,
残值率,5%,,,,,,,,,,,,,,,
年折旧额,14.25,万元,=150×95%/10,,,,,,,,,,,,,
,,,,,,,,,,,,,,,,
盈亏平衡分析,,,,,,,,,,,,,,,,
指标,数值,说明,,,,,,,,,,,,,,
静态投资回收期,5.2年,2026-2031年累计现金流转正,,,,,,,,,,,,,,
动态投资回收期,约6年,考虑资金时间价值,,,,,,,,,,,,,,
累计净现值NPV,约350万,按10年测算折现率8%,,,,,,,,,,,,,,
内部收益率IRR,约28%,10年期,,,,,,,,,,,,,,
盈亏平衡点,第5年,2031年首次年度盈利,,,,,,,,,,,,,,
累计盈亏平衡,第5年,累计现金流转正,,,,,,,,,,,,,,
,,,,,,,,,,,,,,,,
敏感性分析,,,,,,,,,,,,,,,,
情景,市占率,销量(支),收入(万元),累计回本年限,,,,,,,,,,,,
悲观,20%,590,265.5,7年,,,,,,,,,,,,
基准,30%,915,411.75,5.2年,,,,,,,,,,,,
乐观,40%,1259,566.55,4年,,,,,,,,,,,,
,,,,,,,,,,,,,,,,
关键风险提示,,,,,,,,,,,,,,,,
风险项,风险等级,应对措施,,,,,,,,,,,,,,
膜片采购价≤1800元/支,高,与时代沃顿/蓝星东丽签长期供货协议,,,,,,,,,,,,,,
国网电商售价维持4500元,中,强调国产高端替代品牌定位,,,,,,,,,,,,,,
市占率爬坡慢于预期,中,加大国网电商推广力度,,,,,,,,,,,,,,
国网电商账期90天,中,预留50万流动资金,,,,,,,,,,,,,,
,,,,,,,,,,,,,,,,
说明,,,,,,,,,,,,,,,,
1. 2026年运营费用15万为前期筹备费用,,,,,,,,,,,,,,,,
2. 产能利用率调整：考虑设备磨合期前2年不完全达产,,,,,,,,,,,,,,,,
3. 2035年折旧减半（设备已折旧9年）,,,,,,,,,,,,,,,,
4. 销量=市场总需求×市占率×产能利用率,,,,,,,,,,,,,,,,
5. 所得税仅在盈利时缴纳,,,,,,,,,,,,,,,,
